{"is_source_file": true, "format": "JavaScript", "description": "Defines a HealthService class with a method to get service status, and exports an instance of it.", "external_files": ["process.env"], "external_methods": ["Date.prototype.toISOString", "process.env.NODE_ENV"], "published": ["new HealthService()"], "classes": [{"name": "HealthService", "description": "A class providing health check functionalities for the service."}], "methods": [{"name": "getStatus()", "description": "Returns an object indicating the current health status of the service.", "scope": "HealthService", "scopeKind": "class"}], "calls": ["new Date()", "Date.prototype.toISOString()", "process.env.NODE_ENV"], "search-terms": ["HealthService", "health check", "status", "service health", "node environment"], "state": 2, "file_id": 4, "knowledge_revision": 18, "git_revision": "7df41c9ea83f9ebddb11a705becdac7aefe57ac6", "ctags": [{"_type": "tag", "name": "HealthService", "path": "/home/kavia/workspace/code-generation/hello-world-location-and-weather-dashboard-228752-228761/hello_backend/src/services/health.js", "pattern": "/^class HealthService {$/", "language": "JavaScript", "kind": "class"}, {"_type": "tag", "name": "exports", "path": "/home/kavia/workspace/code-generation/hello-world-location-and-weather-dashboard-228752-228761/hello_backend/src/services/health.js", "pattern": "/^module.exports = new HealthService();$/", "language": "JavaScript", "kind": "variable", "scope": "module", "scopeKind": "class"}, {"_type": "tag", "name": "getStatus", "path": "/home/kavia/workspace/code-generation/hello-world-location-and-weather-dashboard-228752-228761/hello_backend/src/services/health.js", "pattern": "/^    getStatus() {$/", "language": "JavaScript", "kind": "method", "signature": "()", "scope": "HealthService", "scopeKind": "class"}], "hash": "dcfa21416da8734d1481f1ce9d7ffe4c", "format-version": 4, "code-base-name": "hello_backend", "filename": "hello_backend/src/services/health.js", "fields": [{"name": "module.exports = new HealthService();", "scope": "module", "scopeKind": "class", "description": "unavailable"}], "revision_history": [{"18": "7df41c9ea83f9ebddb11a705becdac7aefe57ac6"}]}