{"is_source_file": true, "format": "JavaScript", "description": "This file provides a function to determine the absolute path to a SQLite database file, preferring a database located in a specific sibling workspace, with a fallback to a local copy.", "external_files": ["path"], "external_methods": [], "published": ["getSqliteDbPath"], "classes": [], "methods": [{"name": "getSqliteDbPath()", "description": "Returns an absolute path to a SQLite database file, preferring a workspace database and falling back to a local file.", "scope": "", "scopeKind": ""}], "calls": ["path.resolve", "path.join"], "search-terms": ["sqlite", "getSqliteDbPath", "database path", "backend", "path resolution"], "state": 2, "file_id": 13, "knowledge_revision": 37, "git_revision": "5e43a37aa06de4d8934d30047ac168b1a70b5735", "ctags": [{"_type": "tag", "name": "getSqliteDbPath", "path": "/home/kavia/workspace/code-generation/hello-world-location-and-weather-dashboard-228752-228761/hello_backend/src/db/sqlite.js", "pattern": "/^  getSqliteDbPath,$/", "language": "JavaScript", "kind": "field", "scope": "module.exports", "scopeKind": "class"}, {"_type": "tag", "name": "getSqliteDbPath", "path": "/home/kavia/workspace/code-generation/hello-world-location-and-weather-dashboard-228752-228761/hello_backend/src/db/sqlite.js", "pattern": "/^function getSqliteDbPath() {$/", "language": "JavaScript", "kind": "function", "signature": "()"}, {"_type": "tag", "name": "path", "path": "/home/kavia/workspace/code-generation/hello-world-location-and-weather-dashboard-228752-228761/hello_backend/src/db/sqlite.js", "pattern": "/^const path = require('path');$/", "language": "JavaScript", "kind": "constant"}], "hash": "e54633434681dd08bc09e3812a6b1f42", "format-version": 4, "code-base-name": "hello_backend", "filename": "hello_backend/src/db/sqlite.js", "fields": [{"name": "getSqliteDbPath,", "scope": "module.exports", "scopeKind": "class", "description": "unavailable"}], "revision_history": [{"37": "5e43a37aa06de4d8934d30047ac168b1a70b5735"}]}