{"is_source_file": true, "format": "JavaScript", "description": "This file provides a utility function to determine the absolute path to a SQLite database file, prioritizing a container/volume database location and falling back to a local database path.", "external_files": ["path"], "external_methods": ["path.resolve", "path.join"], "published": ["getSqliteDbPath"], "classes": [], "methods": [{"name": "getSqliteDbPath()", "description": "Returns the absolute path to the SQLite database, preferring the external container database path, and falling back to a local path.", "scope": "", "scopeKind": ""}], "calls": ["path.resolve", "path.join"], "search-terms": ["sqlite", "database path", "getSqliteDbPath", "file system", "path"], "state": 2, "file_id": 13, "knowledge_revision": 43, "git_revision": "5e43a37aa06de4d8934d30047ac168b1a70b5735", "revision_history": [{"37": "5e43a37aa06de4d8934d30047ac168b1a70b5735"}, {"43": "5e43a37aa06de4d8934d30047ac168b1a70b5735"}], "ctags": [{"_type": "tag", "name": "getSqliteDbPath", "path": "/home/kavia/workspace/code-generation/hello-world-location-and-weather-dashboard-228752-228761/hello_backend/src/db/sqlite.js", "pattern": "/^  getSqliteDbPath,$/", "language": "JavaScript", "kind": "field", "scope": "module.exports", "scopeKind": "class"}, {"_type": "tag", "name": "getSqliteDbPath", "path": "/home/kavia/workspace/code-generation/hello-world-location-and-weather-dashboard-228752-228761/hello_backend/src/db/sqlite.js", "pattern": "/^function getSqliteDbPath() {$/", "language": "JavaScript", "kind": "function", "signature": "()"}, {"_type": "tag", "name": "path", "path": "/home/kavia/workspace/code-generation/hello-world-location-and-weather-dashboard-228752-228761/hello_backend/src/db/sqlite.js", "pattern": "/^const path = require('path');$/", "language": "JavaScript", "kind": "constant"}], "hash": "af770e720979ca3a798bbcfbd7da82d9", "format-version": 4, "code-base-name": "hello_backend", "filename": "hello_backend/src/db/sqlite.js", "fields": [{"name": "getSqliteDbPath,", "scope": "module.exports", "scopeKind": "class", "description": "unavailable"}]}