{"is_source_file": true, "format": "JavaScript", "description": "This file configures Swagger API documentation for an Express-based API, specifying API info and referencing route files for API documentation.", "external_files": ["./src/routes/*.js"], "external_methods": ["require('swagger-jsdoc')"], "published": ["module.exports"], "classes": [], "methods": [{"name": "swaggerJSDoc", "description": "Imports the swagger-jsdoc module for generating Swagger documentation."}], "calls": ["swaggerJSDoc(options)"], "search-terms": ["swagger-jsdoc", "OpenAPI 3.0", "API documentation configuration", "express", "API routes"], "state": 2, "file_id": 8, "knowledge_revision": 36, "git_revision": "5e43a37aa06de4d8934d30047ac168b1a70b5735", "revision_history": [{"16": "7df41c9ea83f9ebddb11a705becdac7aefe57ac6"}, {"36": "5e43a37aa06de4d8934d30047ac168b1a70b5735"}], "ctags": [{"_type": "tag", "name": "apis", "path": "/home/kavia/workspace/code-generation/hello-world-location-and-weather-dashboard-228752-228761/hello_backend/swagger.js", "pattern": "/^  apis: ['.\\/src\\/routes\\/*.js'], \\/\\/ Path to the API docs$/", "language": "JavaScript", "kind": "property", "scope": "options", "scopeKind": "class"}, {"_type": "tag", "name": "definition", "path": "/home/kavia/workspace/code-generation/hello-world-location-and-weather-dashboard-228752-228761/hello_backend/swagger.js", "pattern": "/^  definition: {$/", "language": "JavaScript", "kind": "class", "scope": "options", "scopeKind": "class"}, {"_type": "tag", "name": "description", "path": "/home/kavia/workspace/code-generation/hello-world-location-and-weather-dashboard-228752-228761/hello_backend/swagger.js", "pattern": "/^      description: 'Express API for Hello World, IP-based location (placeholder), and temperatur/", "language": "JavaScript", "kind": "property", "scope": "options.definition.info", "scopeKind": "class"}, {"_type": "tag", "name": "info", "path": "/home/kavia/workspace/code-generation/hello-world-location-and-weather-dashboard-228752-228761/hello_backend/swagger.js", "pattern": "/^    info: {$/", "language": "JavaScript", "kind": "class", "scope": "options.definition", "scopeKind": "class"}, {"_type": "tag", "name": "openapi", "path": "/home/kavia/workspace/code-generation/hello-world-location-and-weather-dashboard-228752-228761/hello_backend/swagger.js", "pattern": "/^    openapi: '3.0.0',$/", "language": "JavaScript", "kind": "property", "scope": "options.definition", "scopeKind": "class"}, {"_type": "tag", "name": "options", "path": "/home/kavia/workspace/code-generation/hello-world-location-and-weather-dashboard-228752-228761/hello_backend/swagger.js", "pattern": "/^const options = {$/", "language": "JavaScript", "kind": "class"}, {"_type": "tag", "name": "swaggerJSDoc", "path": "/home/kavia/workspace/code-generation/hello-world-location-and-weather-dashboard-228752-228761/hello_backend/swagger.js", "pattern": "/^const swaggerJSDoc = require('swagger-jsdoc');$/", "language": "JavaScript", "kind": "constant"}, {"_type": "tag", "name": "swaggerSpec", "path": "/home/kavia/workspace/code-generation/hello-world-location-and-weather-dashboard-228752-228761/hello_backend/swagger.js", "pattern": "/^const swaggerSpec = swaggerJSDoc(options);$/", "language": "JavaScript", "kind": "constant"}, {"_type": "tag", "name": "title", "path": "/home/kavia/workspace/code-generation/hello-world-location-and-weather-dashboard-228752-228761/hello_backend/swagger.js", "pattern": "/^      title: 'Hello World Location & Temperature API',$/", "language": "JavaScript", "kind": "property", "scope": "options.definition.info", "scopeKind": "class"}, {"_type": "tag", "name": "version", "path": "/home/kavia/workspace/code-generation/hello-world-location-and-weather-dashboard-228752-228761/hello_backend/swagger.js", "pattern": "/^      version: '1.0.0',$/", "language": "JavaScript", "kind": "property", "scope": "options.definition.info", "scopeKind": "class"}], "hash": "a9623e9af1dd6cd13aa1b5fdab7b57e9", "format-version": 4, "code-base-name": "hello_backend", "filename": "hello_backend/swagger.js", "fields": [{"name": "apis: ['.\\/src\\/routes\\/*.js'], \\/\\/ Path to the API docs", "scope": "options", "scopeKind": "class", "description": "unavailable"}, {"name": "description: 'Express API for Hello World, IP-based location (placeholder), and temperatur/", "scope": "options.definition.info", "scopeKind": "class", "description": "unavailable"}, {"name": "openapi: '3.0.0',", "scope": "options.definition", "scopeKind": "class", "description": "unavailable"}, {"name": "title: 'Hello World Location & Temperature API',", "scope": "options.definition.info", "scopeKind": "class", "description": "unavailable"}, {"name": "version: '1.0.0',", "scope": "options.definition.info", "scopeKind": "class", "description": "unavailable"}]}