{"is_source_file": true, "format": "JavaScript", "description": "This file defines a HelloService class with a method to return a hello-world message, and exports an instance of the class.", "external_files": [], "external_methods": [], "published": ["HelloService"], "classes": [{"name": "HelloService", "description": "Provides a static hello-world response."}], "methods": [{"name": "getHello()", "description": "Returns an object containing a greeting message.", "scope": "HelloService", "scopeKind": "class"}], "calls": [], "search-terms": ["HelloService", "getHello", "hello.js", "hello-world"], "state": 2, "file_id": 15, "knowledge_revision": 39, "git_revision": "5e43a37aa06de4d8934d30047ac168b1a70b5735", "ctags": [{"_type": "tag", "name": "HelloService", "path": "/home/kavia/workspace/code-generation/hello-world-location-and-weather-dashboard-228752-228761/hello_backend/src/services/hello.js", "pattern": "/^class HelloService {$/", "language": "JavaScript", "kind": "class"}, {"_type": "tag", "name": "exports", "path": "/home/kavia/workspace/code-generation/hello-world-location-and-weather-dashboard-228752-228761/hello_backend/src/services/hello.js", "pattern": "/^module.exports = new HelloService();$/", "language": "JavaScript", "kind": "variable", "scope": "module", "scopeKind": "class"}, {"_type": "tag", "name": "getHello", "path": "/home/kavia/workspace/code-generation/hello-world-location-and-weather-dashboard-228752-228761/hello_backend/src/services/hello.js", "pattern": "/^  getHello() {$/", "language": "JavaScript", "kind": "method", "signature": "()", "scope": "HelloService", "scopeKind": "class"}], "hash": "f79c6b730e133609ca8ff1d28084fead", "format-version": 4, "code-base-name": "hello_backend", "filename": "hello_backend/src/services/hello.js", "fields": [{"name": "module.exports = new HelloService();", "scope": "module", "scopeKind": "class", "description": "unavailable"}], "revision_history": [{"39": "5e43a37aa06de4d8934d30047ac168b1a70b5735"}]}