{"is_source_file": true, "format": "JavaScript", "description": "This file generates an OpenAPI JSON specification file from a Swagger definition and writes it to disk within a project directory structure.", "external_files": ["./swagger"], "external_methods": ["fs.existsSync", "fs.mkdirSync", "fs.writeFileSync", "path.join"], "published": [], "classes": [], "methods": [], "calls": ["fs.existsSync", "fs.mkdirSync", "fs.writeFileSync", "path.join"], "search-terms": ["generate_openapi", "swaggerSpec", "writeFileSync", "openapi.json", "interface", "swagger"], "state": 2, "file_id": 9, "knowledge_revision": 22, "git_revision": "7df41c9ea83f9ebddb11a705becdac7aefe57ac6", "ctags": [{"_type": "tag", "name": "fs", "path": "/home/kavia/workspace/code-generation/hello-world-location-and-weather-dashboard-228752-228761/hello_backend/generate_openapi.js", "pattern": "/^const fs = require('fs');$/", "language": "JavaScript", "kind": "constant"}, {"_type": "tag", "name": "outputDir", "path": "/home/kavia/workspace/code-generation/hello-world-location-and-weather-dashboard-228752-228761/hello_backend/generate_openapi.js", "pattern": "/^const outputDir = path.join(__dirname, 'interfaces');$/", "language": "JavaScript", "kind": "constant"}, {"_type": "tag", "name": "outputPath", "path": "/home/kavia/workspace/code-generation/hello-world-location-and-weather-dashboard-228752-228761/hello_backend/generate_openapi.js", "pattern": "/^const outputPath = path.join(outputDir, 'openapi.json');$/", "language": "JavaScript", "kind": "constant"}, {"_type": "tag", "name": "path", "path": "/home/kavia/workspace/code-generation/hello-world-location-and-weather-dashboard-228752-228761/hello_backend/generate_openapi.js", "pattern": "/^const path = require('path');$/", "language": "JavaScript", "kind": "constant"}, {"_type": "tag", "name": "swaggerSpec", "path": "/home/kavia/workspace/code-generation/hello-world-location-and-weather-dashboard-228752-228761/hello_backend/generate_openapi.js", "pattern": "/^const swaggerSpec = require('.\\/swagger');$/", "language": "JavaScript", "kind": "constant"}], "hash": "55a8452439ff8971a692025b12dc20dc", "format-version": 4, "code-base-name": "hello_backend", "filename": "hello_backend/generate_openapi.js", "revision_history": [{"22": "7df41c9ea83f9ebddb11a705becdac7aefe57ac6"}]}