{"is_source_file": false, "format": "", "description": "", "external_files": [], "external_methods": [], "published": [], "classes": [], "methods": [], "calls": [], "search-terms": [], "state": 2, "file_id": 1, "knowledge_revision": 14, "git_revision": "7df41c9ea83f9ebddb11a705becdac7aefe57ac6", "hash": "68e883b7c082fe5b18ee688ed067dd49", "format-version": 4, "code-base-name": "hello_backend", "filename": "hello_backend/nodemon.json", "revision_history": [{"14": "7df41c9ea83f9ebddb11a705becdac7aefe57ac6"}]}