{"is_source_file": true, "format": "JavaScript", "description": "This file sets up and starts an Express.js server, listening on a specified port and host, and handles process termination signals for graceful shutdown. It also exports the server instance.", "external_files": ["./app"], "external_methods": ["app.listen", "process.on", "server.close", "process.exit"], "published": ["server"], "classes": [], "methods": [{"name": "app.listen", "description": "Starts the Express server listening on specified port and host"}, {"name": "process.on", "description": "Registers an event handler for process signals such as SIGTERM"}, {"name": "server.close", "description": "Closes the HTTP server gracefully"}, {"name": "process.exit", "description": "Terminates the process with an exit code"}], "calls": ["app.listen", "console.log", "server.close", "process.exit"], "search-terms": ["server setup", "Node.js server", "Express server", "graceful shutdown", "SIGTERM handling", "server.js"], "state": 2, "file_id": 7, "knowledge_revision": 35, "git_revision": "5e43a37aa06de4d8934d30047ac168b1a70b5735", "revision_history": [{"21": "7df41c9ea83f9ebddb11a705becdac7aefe57ac6"}, {"35": "5e43a37aa06de4d8934d30047ac168b1a70b5735"}], "ctags": [{"_type": "tag", "name": "HOST", "path": "/home/kavia/workspace/code-generation/hello-world-location-and-weather-dashboard-228752-228761/hello_backend/src/server.js", "pattern": "/^const HOST = process.env.HOST || '0.0.0.0';$/", "language": "JavaScript", "kind": "constant"}, {"_type": "tag", "name": "PORT", "path": "/home/kavia/workspace/code-generation/hello-world-location-and-weather-dashboard-228752-228761/hello_backend/src/server.js", "pattern": "/^const PORT = process.env.PORT || 3001;$/", "language": "JavaScript", "kind": "constant"}, {"_type": "tag", "name": "app", "path": "/home/kavia/workspace/code-generation/hello-world-location-and-weather-dashboard-228752-228761/hello_backend/src/server.js", "pattern": "/^const app = require('.\\/app');$/", "language": "JavaScript", "kind": "constant"}, {"_type": "tag", "name": "server", "path": "/home/kavia/workspace/code-generation/hello-world-location-and-weather-dashboard-228752-228761/hello_backend/src/server.js", "pattern": "/^const server = app.listen(PORT, HOST, () => {$/", "language": "JavaScript", "kind": "constant"}], "hash": "ed1ba74c389a3f705f55dc2964329713", "format-version": 4, "code-base-name": "hello_backend", "filename": "hello_backend/src/server.js"}