{"is_source_file": true, "format": "JavaScript", "description": "This file defines a LocationService class that provides a minimal, placeholder IP-based geolocation lookup function. It includes one public method, getLocationByIp, which classifies local addresses and returns deterministic fake locations for other IPs for demonstration purposes.", "external_files": ["module.exports"], "external_methods": [], "published": ["new LocationService()"], "classes": [{"name": "LocationService", "description": "A service class providing IP-based geolocation lookup with a placeholder implementation."}], "methods": [{"name": "getLocationByIp(ip)", "description": "Resolves an approximate location (city, region, country) from an IP address, handling localhost and private IPs specially.", "scope": "LocationService", "scopeKind": "class"}], "calls": ["String.trim()", "String.startsWith()", "String.charCodeAt()"], "search-terms": ["LocationService", "getLocationByIp", "IP-based lookup", "geoip placeholder", "localhost detection"], "state": 2, "file_id": 16, "knowledge_revision": 40, "git_revision": "5e43a37aa06de4d8934d30047ac168b1a70b5735", "ctags": [{"_type": "tag", "name": "LocationService", "path": "/home/kavia/workspace/code-generation/hello-world-location-and-weather-dashboard-228752-228761/hello_backend/src/services/location.js", "pattern": "/^class LocationService {$/", "language": "JavaScript", "kind": "class"}, {"_type": "tag", "name": "exports", "path": "/home/kavia/workspace/code-generation/hello-world-location-and-weather-dashboard-228752-228761/hello_backend/src/services/location.js", "pattern": "/^module.exports = new LocationService();$/", "language": "JavaScript", "kind": "variable", "scope": "module", "scopeKind": "class"}, {"_type": "tag", "name": "getLocationByIp", "path": "/home/kavia/workspace/code-generation/hello-world-location-and-weather-dashboard-228752-228761/hello_backend/src/services/location.js", "pattern": "/^  getLocationByIp(ip) {$/", "language": "JavaScript", "kind": "method", "signature": "(ip)", "scope": "LocationService", "scopeKind": "class"}], "hash": "a6db0f63b352e4029ccc32002b84889a", "format-version": 4, "code-base-name": "hello_backend", "filename": "hello_backend/src/services/location.js", "fields": [{"name": "module.exports = new LocationService();", "scope": "module", "scopeKind": "class", "description": "unavailable"}], "revision_history": [{"40": "5e43a37aa06de4d8934d30047ac168b1a70b5735"}]}