{"is_source_file": true, "format": "JavaScript", "description": "This source file sets up an Express.js route for the root endpoint ('/') to handle health check requests, delegating logic to healthController.check.", "external_files": ["../controllers/health"], "external_methods": ["healthController.check"], "published": ["router"], "classes": [], "methods": [{"name": "healthController.check", "description": "Handles the health check to confirm service is operational"}], "calls": ["express.Router", "healthController.check.bind"], "search-terms": ["routes", "health endpoint", "healthController", "express.Router", "index.js"], "state": 2, "file_id": 2, "knowledge_revision": 17, "git_revision": "7df41c9ea83f9ebddb11a705becdac7aefe57ac6", "ctags": [{"_type": "tag", "name": "express", "path": "/home/kavia/workspace/code-generation/hello-world-location-and-weather-dashboard-228752-228761/hello_backend/src/routes/index.js", "pattern": "/^const express = require('express');$/", "language": "JavaScript", "kind": "constant"}, {"_type": "tag", "name": "healthController", "path": "/home/kavia/workspace/code-generation/hello-world-location-and-weather-dashboard-228752-228761/hello_backend/src/routes/index.js", "pattern": "/^const healthController = require('..\\/controllers\\/health');$/", "language": "JavaScript", "kind": "constant"}, {"_type": "tag", "name": "router", "path": "/home/kavia/workspace/code-generation/hello-world-location-and-weather-dashboard-228752-228761/hello_backend/src/routes/index.js", "pattern": "/^const router = express.Router();$/", "language": "JavaScript", "kind": "constant"}], "hash": "65440e156977076adec2544b5e71e9b6", "format-version": 4, "code-base-name": "hello_backend", "filename": "hello_backend/src/routes/index.js", "revision_history": [{"17": "7df41c9ea83f9ebddb11a705becdac7aefe57ac6"}]}