{"is_source_file": true, "format": "JavaScript", "description": "This file defines a TemperatureService class that provides a mock temperature value based on location input, used for previews without external weather APIs.", "external_files": [], "external_methods": [], "published": ["TemperatureService"], "classes": [{"name": "TemperatureService", "description": "A service class that returns a mock temperature based on location input."}], "methods": [{"name": "getTemperature(location)", "description": "Returns a mock temperature in Celsius, varying slightly based on the length of the city name.", "scope": "TemperatureService", "scopeKind": "class"}], "calls": ["String(location.city)", "location && location.city", "String(location.city)", "city.length % 7"], "search-terms": ["TemperatureService", "mock temperature", "getTemperature", "location-based temperature", "hello_backend src/services/temperature.js"], "state": 2, "file_id": 17, "knowledge_revision": 41, "git_revision": "5e43a37aa06de4d8934d30047ac168b1a70b5735", "ctags": [{"_type": "tag", "name": "TemperatureService", "path": "/home/kavia/workspace/code-generation/hello-world-location-and-weather-dashboard-228752-228761/hello_backend/src/services/temperature.js", "pattern": "/^class TemperatureService {$/", "language": "JavaScript", "kind": "class"}, {"_type": "tag", "name": "exports", "path": "/home/kavia/workspace/code-generation/hello-world-location-and-weather-dashboard-228752-228761/hello_backend/src/services/temperature.js", "pattern": "/^module.exports = new TemperatureService();$/", "language": "JavaScript", "kind": "variable", "scope": "module", "scopeKind": "class"}, {"_type": "tag", "name": "getTemperature", "path": "/home/kavia/workspace/code-generation/hello-world-location-and-weather-dashboard-228752-228761/hello_backend/src/services/temperature.js", "pattern": "/^  getTemperature(location) {$/", "language": "JavaScript", "kind": "method", "signature": "(location)", "scope": "TemperatureService", "scopeKind": "class"}], "hash": "b2b24612212db01b0c319586c86ee052", "format-version": 4, "code-base-name": "hello_backend", "filename": "hello_backend/src/services/temperature.js", "fields": [{"name": "module.exports = new TemperatureService();", "scope": "module", "scopeKind": "class", "description": "unavailable"}], "revision_history": [{"41": "5e43a37aa06de4d8934d30047ac168b1a70b5735"}]}