{"is_source_file": false, "format": "", "description": "", "external_files": [], "external_methods": [], "published": [], "classes": [], "methods": [], "calls": [], "search-terms": [], "state": 2, "file_id": 11, "knowledge_revision": 26, "git_revision": "5e43a37aa06de4d8934d30047ac168b1a70b5735", "hash": "ec06c2b8bbc671794af3e4608cc0bffa", "format-version": 4, "code-base-name": "hello_backend", "filename": "hello_backend/package.json", "revision_history": [{"26": "5e43a37aa06de4d8934d30047ac168b1a70b5735"}]}