{"is_source_file": true, "format": "JavaScript", "description": "This file defines HTTP routes using Express.js for a backend web service. It includes endpoints for health checks and API responses related to location and temperature data, with Swagger documentation annotations.", "external_files": ["../controllers/health", "../controllers/api"], "external_methods": ["healthController.check", "apiController.hello", "apiController.location", "apiController.temperature"], "published": ["router"], "classes": [], "methods": [{"name": "router.get('/api/hello')", "description": "Handles GET requests to the /api/hello endpoint, returning a Hello World message."}, {"name": "router.get('/api/location')", "description": "Handles GET requests to /api/location, returning an approximate location based on request."}, {"name": "router.get('/api/temperature')", "description": "Handles GET requests to /api/temperature, returning a mock temperature value."}], "calls": ["healthController.check", "apiController.hello", "apiController.location", "apiController.temperature"], "search-terms": ["express router", "swagger API", "/api/temperature", "/api/location", "health endpoint", "location endpoint", "temperature endpoint"], "state": 2, "file_id": 2, "knowledge_revision": 33, "git_revision": "5e43a37aa06de4d8934d30047ac168b1a70b5735", "revision_history": [{"17": "7df41c9ea83f9ebddb11a705becdac7aefe57ac6"}, {"33": "5e43a37aa06de4d8934d30047ac168b1a70b5735"}], "ctags": [{"_type": "tag", "name": "apiController", "path": "/home/kavia/workspace/code-generation/hello-world-location-and-weather-dashboard-228752-228761/hello_backend/src/routes/index.js", "pattern": "/^const apiController = require('..\\/controllers\\/api');$/", "language": "JavaScript", "kind": "constant"}, {"_type": "tag", "name": "express", "path": "/home/kavia/workspace/code-generation/hello-world-location-and-weather-dashboard-228752-228761/hello_backend/src/routes/index.js", "pattern": "/^const express = require('express');$/", "language": "JavaScript", "kind": "constant"}, {"_type": "tag", "name": "healthController", "path": "/home/kavia/workspace/code-generation/hello-world-location-and-weather-dashboard-228752-228761/hello_backend/src/routes/index.js", "pattern": "/^const healthController = require('..\\/controllers\\/health');$/", "language": "JavaScript", "kind": "constant"}, {"_type": "tag", "name": "router", "path": "/home/kavia/workspace/code-generation/hello-world-location-and-weather-dashboard-228752-228761/hello_backend/src/routes/index.js", "pattern": "/^const router = express.Router();$/", "language": "JavaScript", "kind": "constant"}], "hash": "05e13953853a372fcf8f49c4c98b16cd", "format-version": 4, "code-base-name": "hello_backend", "filename": "hello_backend/src/routes/index.js"}