{"is_source_file": true, "format": "JavaScript (Node.js with Express)", "description": "This file initializes an Express application, configures middleware for CORS, Swagger UI documentation, JSON parsing, route mounting, and error handling.", "external_files": ["./routes", "../swagger"], "external_methods": ["cors()", "express()", "swaggerUi.serve", "swaggerUi.setup()", "app.use()", "req.get()", "req.protocol", "req.socket.localPort", "req.secure", "res.status()", "res.json()", "module.exports"], "published": ["app"], "classes": [], "methods": [{"name": "app.use()", "description": "Registers middleware functions for handling requests, including CORS, Swagger UI, JSON parsing, route mounting, and error handling."}], "calls": ["require('cors')", "require('express')", "require('./routes')", "require('../swagger')", "app.use()", "swaggerUi.serve", "swaggerUi.setup()", "req.get('host')", "req.protocol", "req.socket.localPort", "req.secure", "swaggerUi.setup(dynamicSpec)(req, res, next)", "express.json()", "res.status(500).json()", "console.error()"], "search-terms": ["Express app initialization", "Swagger UI setup", "CORS configuration", "route mounting", "error handling middleware", "app.js", "openapi specification integration"], "state": 2, "file_id": 6, "knowledge_revision": 20, "git_revision": "7df41c9ea83f9ebddb11a705becdac7aefe57ac6", "ctags": [{"_type": "tag", "name": "app", "path": "/home/kavia/workspace/code-generation/hello-world-location-and-weather-dashboard-228752-228761/hello_backend/src/app.js", "pattern": "/^const app = express();$/", "language": "JavaScript", "kind": "constant"}, {"_type": "tag", "name": "cors", "path": "/home/kavia/workspace/code-generation/hello-world-location-and-weather-dashboard-228752-228761/hello_backend/src/app.js", "pattern": "/^const cors = require('cors');$/", "language": "JavaScript", "kind": "constant"}, {"_type": "tag", "name": "express", "path": "/home/kavia/workspace/code-generation/hello-world-location-and-weather-dashboard-228752-228761/hello_backend/src/app.js", "pattern": "/^const express = require('express');$/", "language": "JavaScript", "kind": "constant"}, {"_type": "tag", "name": "routes", "path": "/home/kavia/workspace/code-generation/hello-world-location-and-weather-dashboard-228752-228761/hello_backend/src/app.js", "pattern": "/^const routes = require('.\\/routes');$/", "language": "JavaScript", "kind": "constant"}, {"_type": "tag", "name": "swaggerSpec", "path": "/home/kavia/workspace/code-generation/hello-world-location-and-weather-dashboard-228752-228761/hello_backend/src/app.js", "pattern": "/^const swaggerSpec = require('..\\/swagger');$/", "language": "JavaScript", "kind": "constant"}, {"_type": "tag", "name": "swaggerUi", "path": "/home/kavia/workspace/code-generation/hello-world-location-and-weather-dashboard-228752-228761/hello_backend/src/app.js", "pattern": "/^const swaggerUi = require('swagger-ui-express');$/", "language": "JavaScript", "kind": "constant"}], "hash": "5df3172f6e958a99d255956f667b1de4", "format-version": 4, "code-base-name": "hello_backend", "filename": "hello_backend/src/app.js", "revision_history": [{"20": "7df41c9ea83f9ebddb11a705becdac7aefe57ac6"}]}