{"is_source_file": true, "format": "JavaScript", "description": "This file is a JavaScript module intended to export middleware components for a Node.js application, currently containing only a placeholder comment.", "external_files": [], "external_methods": [], "published": ["module.exports"], "classes": [], "methods": [], "calls": [], "search-terms": ["middleware", "module.exports", "JavaScript", "Node.js", "export"], "state": 2, "file_id": 5, "knowledge_revision": 15, "git_revision": "7df41c9ea83f9ebddb11a705becdac7aefe57ac6", "ctags": [], "hash": "e9169fe9b751451d433ec5c4d4734b4a", "format-version": 4, "code-base-name": "hello_backend", "filename": "hello_backend/src/middleware/index.js", "revision_history": [{"15": "7df41c9ea83f9ebddb11a705becdac7aefe57ac6"}]}