{"is_source_file": true, "format": "JavaScript (Node.js)", "description": "This file initializes and starts an Express.js server, sets up a graceful shutdown handler, and exports the server instance.", "external_files": ["./app"], "external_methods": ["app.listen", "process.on", "server.close", "console.log", "process.exit"], "published": ["server"], "classes": [], "methods": [{"name": "app.listen", "description": "Starts the Express server listening on specified host and port."}, {"name": "process.on", "description": "Registers a signal handler for process signals, here used for SIGTERM to perform graceful shutdown."}, {"name": "server.close", "description": "Closes the server and performs cleanup before shutdown."}], "calls": ["app.listen", "process.on", "server.close", "console.log", "process.exit"], "search-terms": ["Node.js", "Express server", "app.listen", "graceful shutdown", "SIGTERM handler", "server.js"], "state": 2, "file_id": 7, "knowledge_revision": 21, "git_revision": "7df41c9ea83f9ebddb11a705becdac7aefe57ac6", "ctags": [{"_type": "tag", "name": "HOST", "path": "/home/kavia/workspace/code-generation/hello-world-location-and-weather-dashboard-228752-228761/hello_backend/src/server.js", "pattern": "/^const HOST = process.env.HOST || '0.0.0.0';$/", "language": "JavaScript", "kind": "constant"}, {"_type": "tag", "name": "PORT", "path": "/home/kavia/workspace/code-generation/hello-world-location-and-weather-dashboard-228752-228761/hello_backend/src/server.js", "pattern": "/^const PORT = process.env.PORT || 3000;$/", "language": "JavaScript", "kind": "constant"}, {"_type": "tag", "name": "app", "path": "/home/kavia/workspace/code-generation/hello-world-location-and-weather-dashboard-228752-228761/hello_backend/src/server.js", "pattern": "/^const app = require('.\\/app');$/", "language": "JavaScript", "kind": "constant"}, {"_type": "tag", "name": "server", "path": "/home/kavia/workspace/code-generation/hello-world-location-and-weather-dashboard-228752-228761/hello_backend/src/server.js", "pattern": "/^const server = app.listen(PORT, HOST, () => {$/", "language": "JavaScript", "kind": "constant"}], "hash": "e5d7d8ed0764ea86a77b8fe15cd2b83e", "format-version": 4, "code-base-name": "hello_backend", "filename": "hello_backend/src/server.js", "revision_history": [{"21": "7df41c9ea83f9ebddb11a705becdac7aefe57ac6"}]}