{"is_source_file": true, "format": "JavaScript", "description": "Main application setup for an Express.js backend server, configuring middleware such as CORS, Swagger UI, route mounting, and error handling.", "external_files": ["./routes", "../swagger"], "external_methods": ["require", "app.use", "app.set", "app.engine", "app.listen", "swaggerUi.serve", "swaggerUi.setup", "console.error"], "published": ["app"], "classes": [], "methods": [{"name": "Express Middleware Functions", "description": "Middleware functions configured with app.use for CORS, Swagger UI, route mounting, JSON parsing, and error handling."}], "calls": ["require('cors')", "require('express')", "require('./routes')", "require('swagger-ui-express')", "require('../swagger')", "app.use", "app.set", "app.use", "app.use", "app.use", "swaggerUi.setup"], "search-terms": ["express app setup", "CORS configuration", "Swagger UI setup", "route mounting", "error handling middleware", "app.js", "server configuration"], "state": 2, "file_id": 6, "knowledge_revision": 34, "git_revision": "5e43a37aa06de4d8934d30047ac168b1a70b5735", "revision_history": [{"20": "7df41c9ea83f9ebddb11a705becdac7aefe57ac6"}, {"34": "5e43a37aa06de4d8934d30047ac168b1a70b5735"}], "ctags": [{"_type": "tag", "name": "app", "path": "/home/kavia/workspace/code-generation/hello-world-location-and-weather-dashboard-228752-228761/hello_backend/src/app.js", "pattern": "/^const app = express();$/", "language": "JavaScript", "kind": "constant"}, {"_type": "tag", "name": "cors", "path": "/home/kavia/workspace/code-generation/hello-world-location-and-weather-dashboard-228752-228761/hello_backend/src/app.js", "pattern": "/^const cors = require('cors');$/", "language": "JavaScript", "kind": "constant"}, {"_type": "tag", "name": "express", "path": "/home/kavia/workspace/code-generation/hello-world-location-and-weather-dashboard-228752-228761/hello_backend/src/app.js", "pattern": "/^const express = require('express');$/", "language": "JavaScript", "kind": "constant"}, {"_type": "tag", "name": "routes", "path": "/home/kavia/workspace/code-generation/hello-world-location-and-weather-dashboard-228752-228761/hello_backend/src/app.js", "pattern": "/^const routes = require('.\\/routes');$/", "language": "JavaScript", "kind": "constant"}, {"_type": "tag", "name": "swaggerSpec", "path": "/home/kavia/workspace/code-generation/hello-world-location-and-weather-dashboard-228752-228761/hello_backend/src/app.js", "pattern": "/^const swaggerSpec = require('..\\/swagger');$/", "language": "JavaScript", "kind": "constant"}, {"_type": "tag", "name": "swaggerUi", "path": "/home/kavia/workspace/code-generation/hello-world-location-and-weather-dashboard-228752-228761/hello_backend/src/app.js", "pattern": "/^const swaggerUi = require('swagger-ui-express');$/", "language": "JavaScript", "kind": "constant"}], "hash": "1f3faef218636685b6579b5c24162933", "format-version": 4, "code-base-name": "hello_backend", "filename": "hello_backend/src/app.js"}