{"is_source_file": true, "format": "JavaScript (Node.js)", "description": "This file defines an API controller class 'ApiController' with methods handling routes for greeting, location lookup, and temperature retrieval. It utilizes several service modules and logs requests.", "external_files": ["../services/hello", "../services/location", "../services/temperature", "../services/requestLog"], "external_methods": ["helloService.getHello", "locationService.getLocationByIp", "temperatureService.getTemperature", "requestLogService.logRequest"], "published": ["new ApiController()"], "classes": [{"name": "ApiController", "description": "Controller class handling API endpoints for hello, location, and temperature, utilizing various service modules."}], "methods": [{"name": "hello(req, res)", "description": "Handles '/api/hello' route, returning a greeting message and logging the request.", "scope": "ApiController", "scopeKind": "class"}, {"name": "location(req, res)", "description": "Handles '/api/location' route, returns location info based on IP and logs the request.", "scope": "ApiController", "scopeKind": "class"}, {"name": "temperature(req, res)", "description": "Handles '/api/temperature' route, retrieves temperature info based on location and logs the request.", "scope": "ApiController", "scopeKind": "class"}], "calls": ["helloService.getHello", "requestLogService.logRequest", "locationService.getLocationByIp", "temperatureService.getTemperature"], "search-terms": ["ApiController", "api.js", "requestLogService", "temperatureService", "locationService", "helloService", "Node.js controller"], "state": 2, "file_id": 18, "knowledge_revision": 42, "git_revision": "5e43a37aa06de4d8934d30047ac168b1a70b5735", "ctags": [{"_type": "tag", "name": "ApiController", "path": "/home/kavia/workspace/code-generation/hello-world-location-and-weather-dashboard-228752-228761/hello_backend/src/controllers/api.js", "pattern": "/^class ApiController {$/", "language": "JavaScript", "kind": "class"}, {"_type": "tag", "name": "exports", "path": "/home/kavia/workspace/code-generation/hello-world-location-and-weather-dashboard-228752-228761/hello_backend/src/controllers/api.js", "pattern": "/^module.exports = new ApiController();$/", "language": "JavaScript", "kind": "variable", "scope": "module", "scopeKind": "class"}, {"_type": "tag", "name": "hello", "path": "/home/kavia/workspace/code-generation/hello-world-location-and-weather-dashboard-228752-228761/hello_backend/src/controllers/api.js", "pattern": "/^  async hello(req, res) {$/", "language": "JavaScript", "kind": "method", "signature": "(req, res)", "scope": "ApiController", "scopeKind": "class"}, {"_type": "tag", "name": "helloService", "path": "/home/kavia/workspace/code-generation/hello-world-location-and-weather-dashboard-228752-228761/hello_backend/src/controllers/api.js", "pattern": "/^const helloService = require('..\\/services\\/hello');$/", "language": "JavaScript", "kind": "constant"}, {"_type": "tag", "name": "location", "path": "/home/kavia/workspace/code-generation/hello-world-location-and-weather-dashboard-228752-228761/hello_backend/src/controllers/api.js", "pattern": "/^  async location(req, res) {$/", "language": "JavaScript", "kind": "method", "signature": "(req, res)", "scope": "ApiController", "scopeKind": "class"}, {"_type": "tag", "name": "locationService", "path": "/home/kavia/workspace/code-generation/hello-world-location-and-weather-dashboard-228752-228761/hello_backend/src/controllers/api.js", "pattern": "/^const locationService = require('..\\/services\\/location');$/", "language": "JavaScript", "kind": "constant"}, {"_type": "tag", "name": "requestLogService", "path": "/home/kavia/workspace/code-generation/hello-world-location-and-weather-dashboard-228752-228761/hello_backend/src/controllers/api.js", "pattern": "/^const requestLogService = require('..\\/services\\/requestLog');$/", "language": "JavaScript", "kind": "constant"}, {"_type": "tag", "name": "temperature", "path": "/home/kavia/workspace/code-generation/hello-world-location-and-weather-dashboard-228752-228761/hello_backend/src/controllers/api.js", "pattern": "/^  async temperature(req, res) {$/", "language": "JavaScript", "kind": "method", "signature": "(req, res)", "scope": "ApiController", "scopeKind": "class"}, {"_type": "tag", "name": "temperatureService", "path": "/home/kavia/workspace/code-generation/hello-world-location-and-weather-dashboard-228752-228761/hello_backend/src/controllers/api.js", "pattern": "/^const temperatureService = require('..\\/services\\/temperature');$/", "language": "JavaScript", "kind": "constant"}], "hash": "aa153d61bc2c796c96bed7f40b4bfc22", "format-version": 4, "code-base-name": "hello_backend", "filename": "hello_backend/src/controllers/api.js", "fields": [{"name": "module.exports = new ApiController();", "scope": "module", "scopeKind": "class", "description": "unavailable"}], "revision_history": [{"42": "5e43a37aa06de4d8934d30047ac168b1a70b5735"}]}