{"is_source_file": false, "format": "", "description": "", "external_files": [], "external_methods": [], "published": [], "classes": [], "methods": [], "calls": [], "search-terms": [], "state": 2, "file_id": 11, "knowledge_revision": 24, "git_revision": "7df41c9ea83f9ebddb11a705becdac7aefe57ac6", "hash": "9483450ea96c056ca5d32e968e351567", "format-version": 4, "code-base-name": "hello_backend", "filename": "hello_backend/package.json", "revision_history": [{"24": "7df41c9ea83f9ebddb11a705becdac7aefe57ac6"}]}