{"is_source_file": false, "format": "", "description": "", "external_files": [], "external_methods": [], "published": [], "classes": [], "methods": [], "calls": [], "search-terms": ["hello-world-location-and-weather-dashboard", "README.md"], "state": 2, "file_id": 12, "knowledge_revision": 23, "git_revision": "3910ea5a3de620a74cc4a11759ce0bafd1f6c852", "hash": "97996b3a4116418bdf67763d7cf7291f", "format-version": 4, "code-base-name": "hello_backend", "filename": "README.md", "revision_history": [{"23": "3910ea5a3de620a74cc4a11759ce0bafd1f6c852"}]}